Nickames	Given Names
Bell;Bella;Belle	Arabelle;Anabelle;Belinda;Elizabeth;Isabel;Isabella;Mirabel;Rosabel
Belle	Mabel;Sybil
Bess;Bessie;Bessy;Beth;Bette;Bettie;Bettie;Betsy;Betsey;Bitsy	Elizabeth;Elisabeth
Bird;Birdie	Alberta;Albertine;Roberta
Bob;Bobby	Robert
Bobbi;Bobbie	Roberta
Boots	Bertha
Bridey;Brie	Bridget
Carrie;Carry	Caroline;Carolina;Charlotte
Cindy;Cindie	Cynthia;Cinthia;Lucinda
Daisy	Margaret
Dan;Danny	Daniel;Sheridan
Dee	Audrey;Deanne;Deanna;Denise
Delia	Adelia;Adele;Cordelia
Dell;Della;Delly	Adelaide;Adela;Cordelia;Deliverance;Delores
Dick	Richard
Dobbin;Dobby;Dob	Robert
Dode;Dody	Dorothy;Theodore
Dora	Dorothy;Eudora;Theodora
Dot;Dotty;Dottie	Dorothy
Ed;Eddie;Eddy	Edgar;Edmund;Edward;Edwin;Edwina
Effie;Effy	Euphemia;Evelyn
Eliza	Elizabeth;Elisabeth
Ella;Ellie	Eleanor;Elenora
Erma	Emaline;Emily
Fannie;Fanny	Frances
Frankie	Frances♀;Francis♂;Franklin
Genie	Eugenia
Ginger;Ginny	Virginia
Greta	Margaret;Margaretha
Hal	Harold;Henry
Hank;Harry	Henry
Hattie	Harriet;Harriett
Hettie	Esther;Henrietta;Hester
Jack	John
Jamie	James;Jameson
Jenny	Jane;Janet;Jeanette;Jennett;Virginia
Jim;Jimmy	James
Jock;Johnnie;Johnny	John
Kate;Katy;Katie;Kay;Kit;Kitty;Kittie	Katherine
Lena	Angelina;Caroline;Helena;Magdalena;Paulina;Selena;etc.
Lisa;Lise;Liz;Lizzie	Elizabeth;Elisabeth
Lucy	Lucinda
Madge;Maggie;Midge	Margaret
Mamie	Mary
Marty;Martie;Mattie	Martha
May	Mary
Meg;Megan	Margaret
Millie;Milly	Amelia;Mildred
Moll;Mollie;Molly	Mary
Nell;Nellie;Nelly	Eleanor;Elenora;Ellen;Helen;Helena
Nora	Eleanor;Elenora;Honora;Honoria
Ollie	Olive;Olivia;Oliver
Pat;Patsy;Patty;Pattie	Martha;Matilda;Patricia;Patience
Peg;Peggy	Margaret
Penny	Penelope
Polly;Pollie	Mary;Paula
Rich;Richy;Rick	Richard
Rob;Robbie;Robby	Robert♂;Roberta♀
Robin	Robert;Roberta
Ron	Aaron;Ronald
Ronnie	Aaron;Ronald;Veronica
Sadie;Sally;Sallie	Sarah
Sam;Sammy;Sammie	Samuel;Samson;Samantha
Sukie;Suchie;Suchy	Susan;Susanna;Susannah
Tad	Theodore
Ted;Teddy	Edward;Theodore
Terry;Tess;Tessie;Tessa;Tracy	Theresa;Teresa
Theo	Theodore
Tilly	Temperance
Tillie	Matilda;Mathilda
Tina	Christina
Trina	Catherine;Katherine
Virgie	Virginia
Winnie	Winefred;Winifred
